frame,t_s,x,y,vx_mps,vy_mps,ax_mps2,ay_mps2,speed_mps,intensity_v,distance_m,distance_v,total_v,pan
0,0.0,-1.0,-1.0,0.7071067811865475,0.7071067811865475,0.0,0.0,1.0,0.08333333333333334,18.0,0.4807692307692307,0.04006410256410257,-1.0
1,0.03333333333333333,-0.9933110367892977,-0.9933110367892977,0.7149635231997313,0.7149635231997313,0.23570226039551612,0.23570226039551612,1.011111111111111,0.0837037037037037,17.94970440519599,0.4814677607906131,0.04030063479210317,-0.9933110367892977
2,0.06666666666666667,-0.9866220735785953,-0.9866220735785953,0.7228202652129151,0.7228202652129151,0.23570226039551279,0.23570226039551279,1.0222222222222221,0.08407407407407408,17.899898014298056,0.48216149971781097,0.04053728164294189,-0.9866220735785953
3,0.1,-0.979933110367893,-0.979933110367893,0.7306770072260991,0.7306770072260991,0.23570226039551945,0.23570226039551945,1.0333333333333334,0.08444444444444446,17.850584922211304,0.4828503400321984,0.040774028713830096,-0.979933110367893
4,0.13333333333333333,-0.9732441471571907,-0.9732441471571907,0.7385337492392829,0.7385337492392829,0.23570226039551612,0.23570226039551612,1.0444444444444445,0.08481481481481482,17.801769228431493,0.48353417362453843,0.04101086139259974,-0.9732441471571907
5,0.16666666666666666,-0.9665551839464883,-0.9665551839464883,0.7463904912524668,0.7463904912524668,0.23570226039551612,0.23570226039551612,1.0555555555555556,0.0851851851851852,17.753455035964972,0.4842128918269453,0.04124776485933238,-0.9665551839464883
6,0.2,-0.959866220735786,-0.959866220735786,0.7542472332656506,0.7542472332656506,0.23570226039551279,0.23570226039551279,1.0666666666666667,0.08555555555555555,17.70564645021967,0.48488638544604407,0.04148472408816155,-0.959866220735786
7,0.23333333333333334,-0.9531772575250836,-0.9531772575250836,0.7621039752788344,0.7621039752788344,0.23570226039551612,0.23570226039551612,1.0777777777777777,0.08592592592592593,17.65834757786724,0.485554544797334,0.04172172384925241,-0.9531772575250836
8,0.26666666666666666,-0.9464882943143813,-0.9464882943143813,0.7699607172920183,0.7699607172920183,0.23570226039551612,0.23570226039551612,1.0888888888888888,0.08629629629629629,17.611562525676415,0.48621725974075675,0.0419587487109616,-0.9464882943143813
9,0.3,-0.939799331103679,-0.939799331103679,0.7778174593052023,0.7778174593052023,0.23570226039551945,0.23570226039551945,1.1,0.08666666666666667,17.56529539931785,0.48687441971747036,0.042195783042180766,-0.939799331103679
10,0.3333333333333333,-0.9331103678929766,-0.9331103678929766,0.7856742013183861,0.7856742013183861,0.23570226039551279,0.23570226039551279,1.1111111111111112,0.08703703703703705,17.51955030214048,0.4875259137878283,0.04243281101486654,-0.9331103678929766
11,0.36666666666666664,-0.9264214046822743,-0.9264214046822743,0.7935309433315699,0.7935309433315699,0.23570226039551612,0.23570226039551612,1.1222222222222222,0.0874074074074074,17.474331333919793,0.48817163067056146,0.04266981660676018,-0.9264214046822743
12,0.4,-0.919732441471572,-0.919732441471572,0.8013876853447538,0.8013876853447538,0.23570226039551612,0.23570226039551612,1.1333333333333333,0.08777777777777779,17.429642589578208,0.4888114587831556,0.04290678360429922,-0.919732441471572
13,0.43333333333333335,-0.9130434782608696,-0.9130434782608696,0.8092444273579376,0.8092444273579376,0.23570226039551279,0.23570226039551279,1.1444444444444444,0.08814814814814816,17.385488157877898,0.48944528628342326,0.04314369560572398,-0.9130434782608696
14,0.4666666666666667,-0.9063545150501673,-0.9063545150501673,0.8171011693711214,0.8171011693711214,0.23570226039551612,0.23570226039551612,1.1555555555555554,0.08851851851851852,17.341872120086506,0.49007300111225527,0.04338053602438112,-0.9063545150501673
15,0.5,-0.8996655518394648,-0.8996655518394648,0.8249579113843054,0.8249579113843054,0.23570226039551945,0.23570226039551945,1.1666666666666667,0.08888888888888889,17.298798548616073,0.490694491037547,0.0436172880922264,-0.8996655518394648
16,0.5333333333333333,-0.8929765886287625,-0.8929765886287625,0.8328146533974893,0.8328146533974893,0.23570226039551612,0.23570226039551612,1.1777777777777778,0.08925925925925926,17.256271505635745,0.4913096436992818,0.04385393486352849,-0.8929765886287625
17,0.5666666666666667,-0.8862876254180602,-0.8862876254180602,0.840671395410673,0.840671395410673,0.23570226039551279,0.23570226039551279,1.1888888888888889,0.08962962962962964,17.21429504165877,0.4919183466557631,0.04409045921877581,-0.8862876254180602
18,0.6,-0.8795986622073578,-0.8795986622073578,0.8485281374238569,0.8485281374238569,0.23570226039551612,0.23570226039551612,1.2,0.09,17.172873194104294,0.4925204874309705,0.044326843868787345,-0.8795986622073578
19,0.6333333333333333,-0.8729096989966555,-0.8729096989966555,0.8563848794370408,0.8563848794370408,0.23570226039551612,0.23570226039551612,1.211111111111111,0.09037037037037038,17.132009985834735,0.4931159535630276,0.04456307135902917,-0.8729096989966555
20,0.6666666666666666,-0.8662207357859532,-0.8662207357859532,0.8642416214502248,0.8642416214502248,0.23570226039551945,0.23570226039551945,1.2222222222222223,0.09074074074074075,17.09170942366921,0.4937046326537575,0.04479912407413726,-0.8662207357859532
21,0.7,-0.8595317725752508,-0.8595317725752508,0.8720983634634086,0.8720983634634086,0.23570226039551612,0.23570226039551612,1.2333333333333334,0.09111111111111111,17.05197549687401,0.4942864124193001,0.04503498424264735,-0.8595317725752508
22,0.7333333333333333,-0.8528428093645485,-0.8528428093645485,0.8799551054765924,0.8799551054765924,0.23570226039551279,0.23570226039551279,1.2444444444444445,0.09148148148148148,17.01281217563067,0.4948611807417684,0.04527063394193215,-0.8528428093645485
23,0.7666666666666667,-0.8461538461538461,-0.8461538461538461,0.8878118474897763,0.8878118474897763,0.23570226039551612,0.23570226039551612,1.2555555555555555,0.09185185185185185,16.974223409482672,0.4954288257219142,0.045506055103346196,-0.8461538461538461
24,0.8,-0.8394648829431438,-0.8394648829431438,0.89566858950296,0.89566858950296,0.23570226039551279,0.23570226039551279,1.2666666666666666,0.09222222222222223,16.93621312576158,0.49598923573277126,0.0457412295175778,-0.8394648829431438
25,0.8333333333333334,-0.8327759197324415,-0.8327759197324415,0.9035253315161439,0.9035253315161439,0.23570226039551612,0.23570226039551612,1.2777777777777777,0.09259259259259259,16.898785227993603,0.4965422994742421,0.0459761388402076,-0.8327759197324415
26,0.8666666666666667,-0.8260869565217391,-0.8260869565217391,0.9113820735293279,0.9113820735293279,0.23570226039551945,0.23570226039551945,1.288888888888889,0.09296296296296297,16.86194359428763,0.4970879060285959,0.04621076459747318,-0.8260869565217391
27,0.9,-0.8193979933110368,-0.8193979933110368,0.9192388155425117,0.9192388155425117,0.23570226039551612,0.23570226039551612,1.3,0.09333333333333334,16.82569207570575,0.49762594491683415,0.04644508819223785,-0.8193979933110368
28,0.9333333333333333,-0.8127090301003345,-0.8127090301003345,0.9270955575556956,0.9270955575556956,0.23570226039551612,0.23570226039551612,1.3111111111111111,0.0937037037037037,16.790034494617448,0.49815630615588685,0.04667909091016273,-0.8127090301003345
29,0.9666666666666667,-0.8060200668896321,-0.8060200668896321,0.9349522995688794,0.9349522995688794,0.23570226039551279,0.23570226039551279,1.3222222222222222,0.09407407407407407,16.75497464303862,0.4986788803165943,0.04691275392607961,-0.8060200668896321
30,1.0,-0.7993311036789298,-0.7993311036789298,0.9428090415820632,0.9428090415820632,0.23570226039551612,0.23570226039551612,1.3333333333333333,0.09444444444444444,16.72051628095667,0.4991935585824285,0.04714605831056269,-0.7993311036789298
31,1.0333333333333334,-0.7926421404682275,-0.7926421404682275,0.9506657835952472,0.9506657835952472,0.23570226039551945,0.23570226039551945,1.3444444444444446,0.09481481481481482,16.68666313464301,0.4997002328089059,0.04737898503669627,-0.7926421404682275
32,1.0666666666666667,-0.7859531772575251,-0.7859531772575251,0.9585225256084311,0.9585225256084311,0.23570226039551612,0.23570226039551612,1.3555555555555556,0.09518518518518519,16.653418894954207,0.5001987955836422,0.04761151498703558,-0.7859531772575251
33,1.1,-0.7792642140468228,-0.7792642140468228,0.9663792676216149,0.9663792676216149,0.23570226039551279,0.23570226039551279,1.3666666666666667,0.09555555555555556,16.62078721562334,0.5006891402869916,0.04784362896075698,-0.7792642140468228
34,1.1333333333333333,-0.7725752508361204,-0.7725752508361204,0.9742360096347987,0.9742360096347987,0.23570226039551612,0.23570226039551612,1.3777777777777778,0.09592592592592593,16.588771711542893,0.5011711611532208,0.04807530768099415,-0.7725752508361204
35,1.1666666666666667,-0.765886287625418,-0.765886287625418,0.9820927516479826,0.9820927516479826,0.23570226039551612,0.23570226039551612,1.3888888888888888,0.0962962962962963,16.557375957040716,0.5016447533321542,0.04830653180235559,-0.765886287625418
36,1.2,-0.7591973244147157,-0.7591973244147157,0.9899494936611664,0.9899494936611664,0.23570226039551279,0.23570226039551279,1.4,0.09666666666666666,16.526603484150666,0.5021098129512339,0.04853728191861928,-0.7591973244147157
37,1.2333333333333334,-0.7525083612040133,-0.7525083612040133,0.9978062356743503,0.9978062356743503,0.23570226039551945,0.23570226039551945,1.4111111111111112,0.09703703703703705,16.496457780879467,0.5025662371779296,0.048767538570599095,-0.7525083612040133
38,1.2666666666666666,-0.745819397993311,-0.745819397993311,1.005662977687534,1.005662977687534,0.23570226039551279,0.23570226039551279,1.4222222222222223,0.09740740740740741,16.466942289471454,0.5030139242824349,0.04899728225417792,-0.745819397993311
39,1.3,-0.7391304347826086,-0.7391304347826086,1.013519719700718,1.013519719700718,0.23570226039551612,0.23570226039551612,1.4333333333333333,0.09777777777777778,16.438060404672896,0.5034527737005825,0.049226493428501404,-0.7391304347826086
40,1.3333333333333333,-0.7324414715719063,-0.7324414715719063,1.0213764617139018,1.0213764617139018,0.23570226039551612,0.23570226039551612,1.4444444444444444,0.09814814814814815,16.40981547199764,0.5038826860969109,0.04945515252432644,-0.7324414715719063
41,1.3666666666666667,-0.725752508361204,-0.725752508361204,1.0292332037270857,1.0292332037270857,0.23570226039551612,0.23570226039551612,1.4555555555555555,0.09851851851851852,16.382210785995834,0.5043035634278089,0.04968323995251747,-0.725752508361204
42,1.4,-0.7190635451505016,-0.7190635451505016,1.0370899457402696,1.0370899457402696,0.23570226039551612,0.23570226039551612,1.4666666666666666,0.09888888888888889,16.355249588527535,0.5047153090046697,0.049910736112684,-0.7190635451505016
43,1.4333333333333333,-0.7123745819397993,-0.7123745819397993,1.0449466877534535,1.0449466877534535,0.23570226039551612,0.23570226039551612,1.4777777777777779,0.09925925925925927,16.328935067043073,0.5051178275569764,0.050137621401951736,-0.7123745819397993
44,1.4666666666666666,-0.705685618729097,-0.705685618729097,1.0528034297666373,1.0528034297666373,0.23570226039551612,0.23570226039551612,1.488888888888889,0.09962962962962964,16.30327035287198,0.5055110252952459,0.05036387622385969,-0.705685618729097
45,1.5,-0.6989966555183946,-0.6989966555183946,1.0606601717798212,1.0606601717798212,0.23570226039551612,0.23570226039551612,1.5,0.1,16.2782585195225,0.5058948099737527,0.05058948099737527,-0.6989966555183946
46,1.5333333333333334,-0.6923076923076923,-0.6923076923076923,1.068516913793005,1.068516913793005,0.23570226039551612,0.23570226039551612,1.511111111111111,0.10177777777777777,16.253902580993465,0.506269090952954,0.05152694303476732,-0.6923076923076923
47,1.5666666666666667,-0.68561872909699,-0.68561872909699,1.076373655806189,1.076373655806189,0.23570226039551612,0.23570226039551612,1.5222222222222221,0.10355555555555555,16.230205490100612,0.506633779261538,0.05246474247463927,-0.68561872909699
48,1.6,-0.6789297658862876,-0.6789297658862876,1.0842303978193726,1.0842303978193726,0.23570226039550946,0.23570226039550946,1.5333333333333332,0.10533333333333332,16.207170136819226,0.5069887876580125,0.05340281896664397,-0.6789297658862876
49,1.6333333333333333,-0.6722408026755853,-0.6722408026755853,1.0920871398325565,1.0920871398325565,0.23570226039551612,0.23570226039551612,1.5444444444444443,0.10711111111111109,16.184799346645125,0.5073340306917549,0.0543411117318724,-0.6722408026755853
50,1.6666666666666667,-0.6655518394648829,-0.6655518394648829,1.0999438818457405,1.0999438818457405,0.23570226039552278,0.23570226039552278,1.5555555555555556,0.1088888888888889,16.163095878976,0.5076694247634378,0.05527955958535212,-0.6655518394648829
51,1.7,-0.6588628762541806,-0.6588628762541806,1.1078006238589244,1.1078006238589244,0.23570226039551612,0.23570226039551612,1.5666666666666667,0.11066666666666666,16.142062425515032,0.5079948881847521,0.05621810095911257,-0.6588628762541806
52,1.7333333333333334,-0.6521739130434783,-0.6521739130434783,1.1156573658721083,1.1156573658721083,0.23570226039551612,0.23570226039551612,1.577777777777778,0.11244444444444449,16.121701608698892,0.5083103412373409,0.0571566739257988,-0.6521739130434783
53,1.7666666666666666,-0.6454849498327759,-0.6454849498327759,1.1235141078852922,1.1235141078852922,0.23570226039551612,0.23570226039551612,1.588888888888889,0.11422222222222225,16.10201598015203,0.5086157062308616,0.05809521622281399,-0.6454849498327759
54,1.8,-0.6387959866220736,-0.6387959866220736,1.131370849898476,1.131370849898476,0.23570226039551612,0.23570226039551612,1.6,0.11600000000000002,16.083008019169334,0.5089109075600949,0.05903366527697102,-0.6387959866220736
55,1.8333333333333333,-0.6321070234113713,-0.6321070234113713,1.13922759191166,1.13922759191166,0.23570226039551612,0.23570226039551612,1.6111111111111112,0.11777777777777779,16.064680131229057,0.5091958717610164,0.05997195822963083,-0.6321070234113713
56,1.8666666666666667,-0.6254180602006689,-0.6254180602006689,1.1470843339248438,1.1470843339248438,0.23570226039551612,0.23570226039551612,1.6222222222222222,0.11955555555555557,16.047034646538062,0.5094705275657465,0.06091003196230481,-0.6254180602006689
57,1.9,-0.6187290969899666,-0.6187290969899666,1.1549410759380274,1.1549410759380274,0.23570226039550946,0.23570226039550946,1.6333333333333333,0.12133333333333333,16.030073818611292,0.5097348059563003,0.061847823122697765,-0.6187290969899666
58,1.9333333333333333,-0.6120401337792643,-0.6120401337792643,1.1627978179512113,1.1627978179512113,0.23570226039551612,0.23570226039551612,1.6444444444444444,0.1231111111111111,16.01379982288739,0.5099886402170538,0.06278526815116618,-0.6120401337792643
59,1.9666666666666666,-0.6053511705685619,-0.6053511705685619,1.1706545599643952,1.1706545599643952,0.23570226039551612,0.23570226039551612,1.6555555555555554,0.12488888888888888,15.998214755382428,0.5102319659858466,0.06372230330756573,-0.6053511705685619
60,2.0,-0.5986622073578596,-0.5986622073578596,1.178511301977579,1.178511301977579,0.23570226039551612,0.23570226039551612,1.6666666666666665,0.12666666666666665,15.983320631383538,0.5104647213036425,0.06465886469846138,-0.5986622073578596
61,2.033333333333333,-0.5919732441471572,-0.5919732441471572,1.186368043990763,1.186368043990763,0.23570226039551612,0.23570226039551612,1.6777777777777776,0.12844444444444442,15.969119384184344,0.5106868466626704,0.06559488830467188,-0.5919732441471572
62,2.066666666666667,-0.5852842809364549,-0.5852842809364549,1.194224786003947,1.194224786003947,0.23570226039552278,0.23570226039552278,1.688888888888889,0.13022222222222227,15.955612863863939,0.5108982850529692,0.06653031000912,-0.5852842809364549
63,2.1,-0.5785953177257526,-0.5785953177257526,1.2020815280171309,1.2020815280171309,0.23570226039551612,0.23570226039551612,1.7000000000000002,0.13200000000000003,15.942802836111207,0.5110989820072632,0.06746506562495877,-0.5785953177257526
64,2.1333333333333333,-0.5719063545150502,-0.5719063545150502,1.2099382700303147,1.2099382700303147,0.23570226039551612,0.23570226039551612,1.7111111111111112,0.1337777777777778,15.930690981096127,0.5112888856440954,0.06839909092394343,-0.5719063545150502
65,2.1666666666666665,-0.5652173913043479,-0.5652173913043479,1.2177950120434984,1.2177950120434984,0.23570226039550946,0.23570226039550946,1.7222222222222223,0.1355555555555556,15.919278892389762,0.5114679467091479,0.06933232166501783,-0.5652173913043479
66,2.2,-0.5585284280936456,-0.5585284280936456,1.2256517540566823,1.2256517540566823,0.23570226039551612,0.23570226039551612,1.7333333333333334,0.13733333333333336,15.908568075934483,0.5116361186146843,0.07026469362308332,-0.5585284280936456
67,2.2333333333333334,-0.5518394648829432,-0.5518394648829432,1.2335084960698661,1.2335084960698661,0.23570226039551612,0.23570226039551612,1.7444444444444445,0.13911111111111113,15.898559949065957,0.5117933574770462,0.071196142617918,-0.5518394648829432
68,2.2666666666666666,-0.5451505016722409,-0.5451505016722409,1.24136523808305,1.24136523808305,0.23570226039551612,0.23570226039551612,1.7555555555555555,0.1408888888888889,15.889255839588378,0.5119396221521433,0.07212660454321308,-0.5451505016722409
69,2.3,-0.5384615384615384,-0.5384615384615384,1.2492219800962339,1.2492219800962339,0.23570226039551612,0.23570226039551612,1.7666666666666666,0.14266666666666666,15.880656984904288,0.5120748742688778,0.07305601539569323,-0.5384615384615384
70,2.3333333333333335,-0.5317725752508361,-0.5317725752508361,1.2570787221094177,1.2570787221094177,0.23570226039551612,0.23570226039551612,1.7777777777777777,0.14444444444444443,15.87276453120036,0.5121990782604452,0.07398431130428652,-0.5317725752508361
71,2.3666666666666667,-0.5250836120401338,-0.5250836120401338,1.2649354641226014,1.2649354641226014,0.23570226039550946,0.23570226039550946,1.7888888888888888,0.1462222222222222,15.865579532690314,0.5123122013934621,0.07491142855931067,-0.5250836120401338
72,2.4,-0.5183946488294314,-0.5183946488294314,1.2727922061357853,1.2727922061357853,0.23570226039551612,0.23570226039551612,1.7999999999999998,0.14799999999999996,15.85910295091618,0.5124142137948664,0.07583730364164021,-0.5183946488294314
73,2.433333333333333,-0.5117056856187291,-0.5117056856187291,1.2806489481489691,1.2806489481489691,0.23570226039551612,0.23570226039551612,1.811111111111111,0.14977777777777776,15.853335654108935,0.5125050884765486,0.07676187325182084,-0.5117056856187291
74,2.466666666666667,-0.5050167224080268,-0.5050167224080268,1.2885056901621532,1.2885056901621532,0.23570226039552278,0.23570226039552278,1.8222222222222224,0.1515555555555556,15.848278416609537,0.5125848013576696,0.07768507433909573,-0.5050167224080268
75,2.5,-0.4983277591973244,-0.4983277591973244,1.296362432175337,1.296362432175337,0.23570226039551612,0.23570226039551612,1.8333333333333335,0.15333333333333338,15.843931918351222,0.512653331284626,0.07860684413030934,-0.4983277591973244
76,2.533333333333333,-0.4916387959866221,-0.4916387959866221,1.304219174188521,1.304219174188521,0.23570226039551612,0.23570226039551612,1.8444444444444446,0.15511111111111114,15.840296744403886,0.5127106600486305,0.07952712015865426,-0.4916387959866221
77,2.566666666666667,-0.48494983277591974,-0.48494983277591974,1.3120759162017048,1.3120759162017048,0.23570226039551612,0.23570226039551612,1.8555555555555556,0.1568888888888889,15.83737338458126,0.5127567724008752,0.08044584029222622,-0.48494983277591974
78,2.6,-0.4782608695652174,-0.4782608695652174,1.3199326582148887,1.3199326582148887,0.23570226039551612,0.23570226039551612,1.8666666666666667,0.15866666666666668,15.835162233111484,0.5127916560652508,0.08136294276235313,-0.4782608695652174
79,2.6333333333333333,-0.47157190635451507,-0.47157190635451507,1.3277894002280723,1.3277894002280723,0.23570226039550946,0.23570226039550946,1.8777777777777778,0.16044444444444445,15.833663588371596,0.512815301748602,0.08227836619166459,-0.47157190635451507
80,2.6666666666666665,-0.46488294314381273,-0.46488294314381273,1.3356461422412562,1.3356461422412562,0.23570226039551612,0.23570226039551612,1.8888888888888888,0.1622222222222222,15.832877652686372,0.512827703148499,0.08319204962186762,-0.46488294314381273
81,2.7,-0.4581939799331104,-0.4581939799331104,1.34350288425444,1.34350288425444,0.23570226039551612,0.23570226039551612,1.9,0.16399999999999998,15.832804532191803,0.5128288569585119,0.08410393254119594,-0.4581939799331104
82,2.7333333333333334,-0.45150501672240806,-0.45150501672240806,1.351359626267624,1.351359626267624,0.23570226039551612,0.23570226039551612,1.911111111111111,0.16577777777777775,15.833444236763459,0.5128187628709795,0.08501395491150014,-0.45150501672240806
83,2.7666666666666666,-0.4448160535117057,-0.4448160535117057,1.3592163682808078,1.3592163682808078,0.23570226039551612,0.23570226039551612,1.922222222222222,0.1675555555555555,15.834796680009804,0.5127974235772669,0.08592205719494647,-0.4448160535117057
84,2.8,-0.4381270903010034,-0.4381270903010034,1.3670731102939917,1.3670731102939917,0.23570226039551612,0.23570226039551612,1.9333333333333331,0.1693333333333333,15.836861679330529,0.5127648447655119,0.08682818038029333,-0.4381270903010034
85,2.8333333333333335,-0.43143812709030105,-0.43143812709030105,1.3749298523071758,1.3749298523071758,0.23570226039552278,0.23570226039552278,1.9444444444444446,0.17111111111111116,15.839638956039776,0.5127210351158636,0.08773226600871448,-0.43143812709030105
86,2.8666666666666667,-0.4247491638795987,-0.4247491638795987,1.3827865943203597,1.3827865943203597,0.23570226039551612,0.23570226039551612,1.9555555555555557,0.17288888888888893,15.843128135554064,0.5126660062932226,0.08863425619913938,-0.4247491638795987
87,2.9,-0.4180602006688964,-0.4180602006688964,1.3906433363335435,1.3906433363335435,0.23570226039551612,0.23570226039551612,1.9666666666666668,0.1746666666666667,15.847328747644617,0.5125997729374935,0.08953409367308221,-0.4180602006688964
88,2.933333333333333,-0.41137123745819393,-0.41137123745819393,1.3985000783467272,1.3985000783467272,0.23570226039550946,0.23570226039550946,1.9777777777777779,0.17644444444444446,15.852240226753729,0.5125223526513698,0.0904317217789306,-0.41137123745819393
89,2.966666666666667,-0.4046822742474916,-0.4046822742474916,1.406356820359911,1.406356820359911,0.23570226039551612,0.23570226039551612,1.988888888888889,0.17822222222222223,15.857861912374615,0.5124337659856697,0.09132708451566825,-0.4046822742474916
90,3.0,-0.39799331103678925,-0.39799331103678925,1.414213562373095,1.414213562373095,0.23570226039551612,0.23570226039551612,2.0,0.18000000000000002,15.864193049494219,0.5123340364222497,0.09222012655600496,-0.39799331103678925
91,3.033333333333333,-0.3913043478260869,-0.3913043478260869,1.4299270463994627,1.4299270463994627,0.47140452079103223,0.47140452079103223,2.022222222222222,0.18355555555555556,15.871232789098226,0.5122231903545253,0.09402141227396399,-0.3913043478260869
92,3.066666666666667,-0.3846153846153846,-0.3846153846153846,1.4456405304258306,1.4456405304258306,0.4714045207910389,0.4714045207910389,2.0444444444444447,0.18711111111111117,15.878980188737549,0.5121012570656331,0.09581983521094739,-0.3846153846153846
93,3.1,-0.37792642140468224,-0.37792642140468224,1.4613540144521981,1.4613540144521981,0.47140452079102557,0.47140452079102557,2.066666666666667,0.1906666666666667,15.88743421315535,0.5119682687042711,0.09761528323294771,-0.37792642140468224
94,3.1333333333333333,-0.3712374581939799,-0.3712374581939799,1.4770674984785659,1.4770674984785659,0.47140452079103223,0.47140452079103223,2.088888888888889,0.19422222222222224,15.896593734973719,0.5118242602582596,0.0994076452146042,-0.3712374581939799
95,3.1666666666666665,-0.36454849498327757,-0.36454849498327757,1.4927809825049336,1.4927809825049336,0.47140452079103223,0.47140452079103223,2.111111111111111,0.1977777777777778,15.906457535438836,0.5116692695258671,0.10119681108400484,-0.36454849498327757
96,3.2,-0.35785953177257523,-0.35785953177257523,1.5084944665313011,1.5084944665313011,0.47140452079102557,0.47140452079102557,2.1333333333333333,0.20133333333333334,15.917024305223608,0.511503337084951,0.1029826718664368,-0.35785953177257523
97,3.2333333333333334,-0.3511705685618729,-0.3511705685618729,1.524207950557669,1.524207950557669,0.47140452079103223,0.47140452079103223,2.1555555555555554,0.2048888888888889,15.928292645286437,0.5113265062599642,0.10476511972704157,-0.3511705685618729
98,3.2666666666666666,-0.34448160535117056,-0.34448160535117056,1.5399214345840366,1.5399214345840366,0.47140452079103223,0.47140452079103223,2.1777777777777776,0.20844444444444443,15.940261067784922,0.5111388230868842,0.10654404801233275,-0.34448160535117056
99,3.3,-0.3377926421404682,-0.3377926421404682,1.5556349186104041,1.5556349186104041,0.47140452079102557,0.47140452079102557,2.1999999999999997,0.21199999999999997,15.952927997043059,0.5109403362761228,0.10831935129053802,-0.3377926421404682
100,3.3333333333333335,-0.3311036789297659,-0.3311036789297659,1.5713484026367721,1.5713484026367721,0.4714045207910389,0.4714045207910389,2.2222222222222223,0.21555555555555558,15.96629177057051,0.5107310971734785,0.11009092539072761,-0.3311036789297659
101,3.3666666666666667,-0.32441471571906355,-0.32441471571906355,1.5870618866631399,1.5870618866631399,0.47140452079103223,0.47140452079103223,2.2444444444444445,0.21911111111111115,15.980350640132459,0.5105111597191955,0.11185866744069485,-0.32441471571906355
102,3.4,-0.3177257525083612,-0.3177257525083612,1.6027753706895076,1.6027753706895076,0.47140452079103223,0.47140452079103223,2.2666666666666666,0.22266666666666668,15.995102772868414,0.5102805804051964,0.11362247590355708,-0.3177257525083612
103,3.433333333333333,-0.3110367892976589,-0.3110367892976589,1.6184888547158751,1.6184888547158751,0.47140452079102557,0.47140452079102557,2.2888888888888888,0.2262222222222222,16.01054625245843,0.5100394182305589,0.11538225061304642,-0.3110367892976589
104,3.466666666666667,-0.30434782608695654,-0.30434782608695654,1.634202338742243,1.634202338742243,0.4714045207910389,0.4714045207910389,2.3111111111111113,0.22977777777777783,16.026679080334933,0.5097877346553071,0.11713789280746394,-0.30434782608695654
105,3.5,-0.2976588628762542,-0.2976588628762542,1.6499158227686108,1.6499158227686108,0.47140452079103223,0.47140452079103223,2.3333333333333335,0.23333333333333336,16.043499176938518,0.5095255935525924,0.11888930516227159,-0.2976588628762542
106,3.533333333333333,-0.29096989966555187,-0.29096989966555187,1.6656293067949786,1.6656293067949786,0.47140452079103223,0.47140452079103223,2.3555555555555556,0.23688888888888893,16.061004383015874,0.5092530611593377,0.1206363918213009,-0.29096989966555187
107,3.566666666666667,-0.28428093645484953,-0.28428093645484953,1.681342790821346,1.681342790821346,0.47140452079102557,0.47140452079102557,2.3777777777777778,0.24044444444444446,16.07919246095805,0.5089702060254241,0.12237905842655754,-0.28428093645484953
108,3.6,-0.2775919732441472,-0.2775919732441472,1.6970562748477138,1.6970562748477138,0.47140452079103223,0.47140452079103223,2.4,0.244,16.098061096177148,0.5086770989614987,0.12411721214660568,-0.2775919732441472
109,3.6333333333333333,-0.27090301003344486,-0.27090301003344486,1.7127697588740816,1.7127697588740816,0.47140452079103223,0.47140452079103223,2.422222222222222,0.24755555555555553,16.117607898519584,0.5083738129854813,0.12585076170351692,-0.27090301003344486
110,3.6666666666666665,-0.2642140468227425,-0.2642140468227425,1.728483242900449,1.728483242900449,0.47140452079102557,0.47140452079102557,2.444444444444444,0.25111111111111106,16.137830403714016,0.5080604232678534,0.12757961739837204,-0.2642140468227425
111,3.7,-0.2575250836120402,-0.2575250836120402,1.7441967269268173,1.7441967269268173,0.47140452079104556,0.47140452079104556,2.466666666666667,0.2546666666666667,16.158726074851906,0.5077370070758103,0.12930369113530638,-0.2575250836120402
112,3.7333333333333334,-0.25083612040133785,-0.25083612040133785,1.7599102109531848,1.7599102109531848,0.47140452079102557,0.47140452079102557,2.488888888888889,0.25822222222222224,16.18029230389884,0.5074036437163585,0.1310228964440908,-0.25083612040133785
113,3.7666666666666666,-0.2441471571906354,-0.2441471571906354,1.7756236949795525,1.7756236949795525,0.47140452079103223,0.47140452079103223,2.511111111111111,0.2617777777777778,16.202526413234576,0.5070604144784422,0.13273714850124554,-0.2441471571906354
114,3.8,-0.23745819397993306,-0.23745819397993306,1.79133717900592,1.79133717900592,0.47140452079102557,0.47140452079102557,2.533333333333333,0.2653333333333333,16.22542565721981,0.5067074025741808,0.1344463641496826,-0.23745819397993306
115,3.8333333333333335,-0.23076923076923073,-0.23076923076923073,1.8070506630322882,1.8070506630322882,0.47140452079104556,0.47140452079104556,2.555555555555556,0.26888888888888896,16.248987223787722,0.5063446930793022,0.13615046191687907,-0.23076923076923073
116,3.8666666666666667,-0.2240802675585284,-0.2240802675585284,1.8227641470586557,1.8227641470586557,0.47140452079102557,0.47140452079102557,2.577777777777778,0.2724444444444445,16.27320823605822,0.5059723728728536,0.1378493620315819,-0.2240802675585284
117,3.9,-0.21739130434782605,-0.21739130434782605,1.8384776310850235,1.8384776310850235,0.47140452079103223,0.47140452079103223,2.6,0.276,16.29808575397296,0.505590530576273,0.13954298643905136,-0.21739130434782605
118,3.933333333333333,-0.21070234113712372,-0.21070234113712372,1.8541911151113912,1.8541911151113912,0.47140452079103223,0.47140452079103223,2.6222222222222222,0.27955555555555556,16.323616775949084,0.5051992564919046,0.141231258814848,-0.21070234113712372
119,3.966666666666667,-0.20401337792642138,-0.20401337792642138,1.8699045991377587,1.8699045991377587,0.47140452079102557,0.47140452079102557,2.6444444444444444,0.2831111111111111,16.349798240549738,0.5047986425410382,0.14291410457717393,-0.20401337792642138
120,4.0,-0.19732441471571904,-0.19732441471571904,1.8856180831641265,1.8856180831641265,0.47140452079103223,0.47140452079103223,2.6666666666666665,0.2866666666666666,16.376627028169356,0.5043887822015551,0.1445914508977791,-0.19732441471571904
121,4.033333333333333,-0.1906354515050167,-0.1906354515050167,1.9013315671904942,1.9013315671904942,0.47140452079103223,0.47140452079103223,2.6888888888888887,0.29022222222222216,16.404099962731806,0.5039697704452586,0.14626322671144612,-0.1906354515050167
122,4.066666666666666,-0.18394648829431437,-0.18394648829431437,1.9170450512168618,1.9170450512168618,0.47140452079102557,0.47140452079102557,2.711111111111111,0.29377777777777775,16.432213813399432,0.5035417036749692,0.1479293627240687,-0.18394648829431437
123,4.1,-0.17725752508361203,-0.17725752508361203,1.9327585352432295,1.9327585352432295,0.47140452079103223,0.47140452079103223,2.733333333333333,0.2973333333333333,16.46096529629108,0.503104679661462,0.14958979141934134,-0.17725752508361203
124,4.133333333333334,-0.1705685618729097,-0.1705685618729097,1.9484720192695977,1.9484720192695977,0.47140452079104556,0.47140452079104556,2.755555555555556,0.300888888888889,16.49035107620727,0.5026587974803206,0.15124444706407875,-0.1705685618729097
125,4.166666666666667,-0.16387959866220736,-0.16387959866220736,1.9641855032959654,1.9641855032959654,0.47140452079103223,0.47140452079103223,2.777777777777778,0.3044444444444445,16.52036776836061,0.5022041574487843,0.15289326571218548,-0.16387959866220736
126,4.2,-0.15719063545150502,-0.15719063545150502,1.9798989873223332,1.9798989873223332,0.47140452079103223,0.47140452079103223,2.8000000000000003,0.30800000000000005,16.551011940109667,0.5017408610626602,0.1545361852072994,-0.15719063545150502
127,4.233333333333333,-0.1505016722408027,-0.1505016722408027,1.9956124713487007,1.9956124713487007,0.47140452079102557,0.47140452079102557,2.8222222222222224,0.3115555555555556,16.582280112694523,0.5012690109333707,0.1561731451841302,-0.1505016722408027
128,4.266666666666667,-0.14381270903010035,-0.14381270903010035,2.011325955375068,2.011325955375068,0.47140452079102557,0.47140452079102557,2.8444444444444446,0.3151111111111111,16.614168762972238,0.5007887107252073,0.15780408706852087,-0.14381270903010035
129,4.3,-0.137123745819398,-0.137123745819398,2.027039439401436,2.027039439401436,0.47140452079103223,0.47140452079103223,2.8666666666666667,0.31866666666666665,16.646674325150585,0.5003000650928556,0.15942895407625665,-0.137123745819398
130,4.333333333333333,-0.13043478260869568,-0.13043478260869568,2.0427529234278037,2.0427529234278037,0.47140452079103223,0.47140452079103223,2.888888888888889,0.32222222222222224,16.679793192518293,0.49980317961926,0.16104769121065046,-0.13043478260869568
131,4.366666666666666,-0.12374581939799334,-0.12374581939799334,2.0584664074541714,2.0584664074541714,0.47140452079103223,0.47140452079103223,2.911111111111111,0.3257777777777778,16.71352171917033,0.4992981607538868,0.16266024525893288,-0.12374581939799334
132,4.4,-0.117056856187291,-0.117056856187291,2.0741798914805396,2.0741798914805396,0.47140452079104556,0.47140452079104556,2.9333333333333336,0.32933333333333337,16.747856221726526,0.49878511575144985,0.1642665647874775,-0.117056856187291
133,4.433333333333334,-0.11036789297658867,-0.11036789297658867,2.089893375506907,2.089893375506907,0.4714045207910189,0.4714045207910189,2.9555555555555557,0.3328888888888889,16.782792981042107,0.498264152611156,0.1658666001358915,-0.11036789297658867
134,4.466666666666667,-0.10367892976588633,-0.10367892976588633,2.1056068595332746,2.1056068595332746,0.47140452079103223,0.47140452079103223,2.977777777777778,0.33644444444444443,16.818328243908653,0.4977353800165266,0.16746030341000473,-0.10367892976588633
135,4.5,-0.09698996655518399,-0.09698996655518399,2.1213203435596424,2.1213203435596424,0.47140452079103223,0.47140452079103223,3.0,0.33999999999999997,16.854458224744025,0.4971989072758492,0.1690476284737887,-0.09698996655518399
136,4.533333333333333,-0.09030100334448166,-0.09030100334448166,2.13703382758601,2.13703382758601,0.47140452079103223,0.47140452079103223,3.022222222222222,0.3435555555555555,16.891179107269995,0.4966548442633093,0.17062853094023914,-0.09030100334448166
137,4.566666666666666,-0.08361204013377932,-0.08361204013377932,2.152747311612378,2.152747311612378,0.47140452079103223,0.47140452079103223,3.0444444444444443,0.34711111111111115,16.928487046176155,0.49610330136085373,0.17220296816125635,-0.08361204013377932
138,4.6,-0.07692307692307687,-0.07692307692307687,2.168460795638745,2.168460795638745,0.4714045207910189,0.4714045207910189,3.0666666666666664,0.3506666666666667,16.966378168768976,0.49554438940082923,0.17377089921655745,-0.07692307692307687
139,4.633333333333334,-0.07023411371237454,-0.07023411371237454,2.184174279665114,2.184174279665114,0.4714045207910589,0.4714045207910589,3.0888888888888895,0.3542222222222223,17.004848576604665,0.4949782196094431,0.17533228490165612,-0.07023411371237454
140,4.666666666666667,-0.0635451505016722,-0.0635451505016722,2.1998877636914815,2.1998877636914815,0.47140452079103223,0.47140452079103223,3.1111111111111116,0.35777777777777786,17.043894347104885,0.4944049035510843,0.17688708771494355,-0.0635451505016722
141,4.7,-0.05685618729096986,-0.05685618729096986,2.215601247717849,2.215601247717849,0.4714045207910189,0.4714045207910189,3.1333333333333337,0.3613333333333334,17.08351153515403,0.4938245530735468,0.17843527184390826,-0.05685618729096986
142,4.733333333333333,-0.050167224080267525,-0.050167224080267525,2.2313147317442166,2.2313147317442166,0.47140452079103223,0.47140452079103223,3.155555555555556,0.36488888888888893,17.1236961746772,0.49323728025418934,0.17997680315052866,-0.050167224080267525
143,4.766666666666667,-0.04347826086956519,-0.04347826086956519,2.2470282157705843,2.2470282157705843,0.47140452079103223,0.47140452079103223,3.177777777777778,0.36844444444444446,17.164444280197806,0.49264319734706685,0.18151164915587487,-0.04347826086956519
144,4.8,-0.03678929765886285,-0.03678929765886285,2.262741699796952,2.262741699796952,0.47140452079103223,0.47140452079103223,3.2,0.372,17.20575184837392,0.49204241673106575,0.18303977902395646,-0.03678929765886285
145,4.833333333333333,-0.030100334448160515,-0.030100334448160515,2.27845518382332,2.27845518382332,0.47140452079103223,0.47140452079103223,3.2222222222222223,0.37555555555555553,17.24761485951251,0.4914350508590696,0.18456116354485055,-0.030100334448160515
146,4.866666666666666,-0.02341137123745818,-0.02341137123745818,2.2941686678496875,2.2941686678496875,0.47140452079103223,0.47140452079103223,3.2444444444444445,0.3791111111111112,17.290029279060743,0.49082121220818437,0.18607577511714726,-0.02341137123745818
147,4.9,-0.01672240802675584,-0.01672240802675584,2.309882151876055,2.309882151876055,0.4714045207910189,0.4714045207910189,3.2666666666666666,0.3826666666666667,17.332991059073606,0.4902010132310467,0.18758358772974723,-0.01672240802675584
148,4.933333333333334,-0.010033444816053505,-0.010033444816053505,2.3255956359024226,2.3255956359024226,0.47140452079103223,0.47140452079103223,3.2888888888888888,0.38622222222222224,17.37649613965716,0.4895745663082362,0.18908457694304767,-0.010033444816053505
149,4.966666666666667,-0.0033444816053511683,-0.0033444816053511683,2.3413091199287903,2.3413091199287903,0.47140452079103223,0.47140452079103223,3.311111111111111,0.3897777777777778,17.42054045038677,0.48894198370181297,0.1905787198695511,-0.0033444816053511683
150,5.0,0.0033444816053511683,0.0033444816053511683,2.357022603955158,2.357022603955158,0.47140452079103223,0.47140452079103223,3.333333333333333,0.3933333333333333,17.46511991169972,0.48830337750999636,0.19206599515393188,0.0033444816053511683
151,5.033333333333333,0.010033444816053505,0.010033444816053505,2.372736087981526,2.372736087981526,0.47140452079103223,0.47140452079103223,3.355555555555555,0.39688888888888885,17.510230436261686,0.4876588596230003,0.19354638295259521,0.010033444816053505
152,5.066666666666666,0.01672240802675584,0.01672240802675584,2.3884495720078935,2.3884495720078935,0.47140452079103223,0.47140452079103223,3.3777777777777773,0.4004444444444444,17.55586793030658,0.4870085416800404,0.1950198649127628,0.01672240802675584
153,5.1,0.02341137123745818,0.02341137123745818,2.404163056034261,2.404163056034261,0.4714045207910189,0.4714045207910189,3.3999999999999995,0.4039999999999999,17.602028294949303,0.4863525350275182,0.1964864241511173,0.02341137123745818
154,5.133333333333334,0.030100334448160515,0.030100334448160515,2.4198765400606295,2.4198765400606295,0.4714045207910589,0.4714045207910589,3.4222222222222225,0.40755555555555556,17.648707427471038,0.4856909506783996,0.1979460452320411,0.030100334448160515
155,5.166666666666667,0.03678929765886285,0.03678929765886285,2.4355900240869968,2.4355900240869968,0.4714045207910189,0.4714045207910189,3.4444444444444446,0.4111111111111112,17.69590122257676,0.4850238992727858,0.19939871414547863,0.03678929765886285
156,5.2,0.04347826086956519,0.04347826086956519,2.4513035081133645,2.4513035081133645,0.47140452079103223,0.47140452079103223,3.466666666666667,0.41466666666666674,17.743605573624627,0.4843514910396878,0.20084441828445723,0.04347826086956519
157,5.233333333333333,0.050167224080267525,0.050167224080267525,2.4670169921397322,2.4670169921397322,0.47140452079103223,0.47140452079103223,3.488888888888889,0.4182222222222223,17.79181637382701,0.48367383576000533,0.20228314642229558,0.050167224080267525
158,5.266666666666667,0.05685618729096986,0.05685618729096986,2.4827304761661,2.4827304761661,0.47140452079103223,0.47140452079103223,3.511111111111111,0.4217777777777778,17.840529517423015,0.4829910427307105,0.20371488868953078,0.05685618729096986
159,5.3,0.0635451505016722,0.0635451505016722,2.4984439601924677,2.4984439601924677,0.47140452079103223,0.47140452079103223,3.533333333333333,0.42533333333333334,17.889740900822222,0.48230322073023824,0.20513963655059467,0.0635451505016722
160,5.333333333333333,0.07023411371237454,0.07023411371237454,2.5141574442188355,2.5141574442188355,0.47140452079103223,0.47140452079103223,3.5555555555555554,0.4288888888888889,17.939446423719655,0.4816104779850794,0.20655738278026736,0.07023411371237454
161,5.366666666666666,0.07692307692307687,0.07692307692307687,2.5298709282452028,2.5298709282452028,0.4714045207910189,0.4714045207910189,3.5777777777777775,0.4324444444444444,17.989641990181774,0.4809129221375734,0.2079681214399373,0.07692307692307687
162,5.4,0.08361204013377921,0.08361204013377921,2.5455844122715714,2.5455844122715714,0.4714045207910589,0.4714045207910589,3.6000000000000005,0.43600000000000005,18.040323509703516,0.48021066021489694,0.2093718478536951,0.08361204013377921
163,5.433333333333334,0.09030100334448155,0.09030100334448155,2.5612978962979387,2.5612978962979387,0.4714045207910189,0.4714045207910189,3.6222222222222227,0.4395555555555556,18.091486898236372,0.4795037985992384,0.21076855858428747,0.09030100334448155
164,5.466666666666667,0.09698996655518388,0.09698996655518388,2.5770113803243064,2.5770113803243064,0.47140452079103223,0.47140452079103223,3.644444444444445,0.44311111111111123,18.143128079187505,0.4787924429991549,0.21215825140895891,0.09698996655518388
165,5.5,0.10367892976588622,0.10367892976588622,2.592724864350674,2.592724864350674,0.47140452079103223,0.47140452079103223,3.666666666666667,0.44666666666666677,18.195242984389974,0.47807669842209893,0.21354092529520424,0.10367892976588622
166,5.533333333333333,0.11036789297658856,0.11036789297658856,2.608438348377042,2.608438348377042,0.47140452079103223,0.47140452079103223,3.688888888888889,0.4502222222222223,18.24782755504419,0.47735666914810543,0.21491658037645817,0.11036789297658856
167,5.566666666666666,0.11705685618729089,0.11705685618729089,2.6241518324034097,2.6241518324034097,0.47140452079103223,0.47140452079103223,3.7111111111111112,0.45377777777777784,18.300877742630657,0.4766324587046284,0.21628521792774474,0.11705685618729089
168,5.6,0.12374581939799323,0.12374581939799323,2.6398653164297774,2.6398653164297774,0.47140452079103223,0.47140452079103223,3.7333333333333334,0.45733333333333337,18.35438950979425,0.4759041698425136,0.21764684034130957,0.12374581939799323
169,5.633333333333334,0.13043478260869557,0.13043478260869557,2.6555788004561447,2.6555788004561447,0.4714045207910189,0.4714045207910189,3.7555555555555555,0.4608888888888889,18.408358831200108,0.4751719045130933,0.2190014511022568,0.13043478260869557
170,5.666666666666667,0.1371237458193979,0.1371237458193979,2.6712922844825124,2.6712922844825124,0.47140452079103223,0.47140452079103223,3.7777777777777777,0.46444444444444444,18.462781694361436,0.47443576384638964,0.22034905476421207,0.1371237458193979
171,5.7,0.14381270903010024,0.14381270903010024,2.68700576850888,2.68700576850888,0.47140452079103223,0.47140452079103223,3.8,0.46799999999999997,18.517654100439376,0.47369584813040916,0.22168965692503148,0.14381270903010024
172,5.733333333333333,0.15050167224080258,0.15050167224080258,2.702719252535248,2.702719252535248,0.47140452079103223,0.47140452079103223,3.822222222222222,0.4715555555555555,18.572972065015268,0.47295225679151537,0.2230232642025768,0.15050167224080258
173,5.766666666666667,0.1571906354515049,0.1571906354515049,2.7184327365616157,2.7184327365616157,0.47140452079103223,0.47140452079103223,3.844444444444444,0.47511111111111104,18.62873161883553,0.47220508837585784,0.2243498842105742,0.1571906354515049
174,5.8,0.16387959866220725,0.16387959866220725,2.7341462205879834,2.7341462205879834,0.47140452079103223,0.47140452079103223,3.8666666666666663,0.4786666666666667,18.68492880852947,0.4714544405318441,0.22566952553457606,0.16387959866220725
175,5.833333333333333,0.1705685618729098,0.1705685618729098,2.7498597046143507,2.7498597046143507,0.4714045207910189,0.4714045207910189,3.8888888888888884,0.4822222222222222,18.741559697300364,0.47070040999363366,0.22698219770804112,0.1705685618729098
176,5.866666666666666,0.17725752508361214,0.17725752508361214,2.7655731886407184,2.7655731886407184,0.47140452079103223,0.47140452079103223,3.9111111111111105,0.48577777777777775,18.7986203655901,0.46994309256563527,0.2282879111885508,0.17725752508361214
177,5.9,0.18394648829431448,0.18394648829431448,2.781286672667087,2.781286672667087,0.4714045207910589,0.4714045207910589,3.9333333333333336,0.4893333333333334,18.856106911717784,0.4691825831079897,0.22958667733417634,0.18394648829431448
178,5.933333333333334,0.19063545150501682,0.19063545150501682,2.7970001566934544,2.7970001566934544,0.4714045207910189,0.4714045207910189,3.9555555555555557,0.49288888888888893,18.91401545249264,0.46841897552301515,0.2308785083800106,0.19063545150501682
179,5.966666666666667,0.19732441471571915,0.19732441471571915,2.812713640719822,2.812713640719822,0.47140452079103223,0.47140452079103223,3.977777777777778,0.49644444444444447,18.9723421238016,0.46765236274259686,0.2321634174148803,0.19732441471571915
180,6.0,0.2040133779264215,0.2040133779264215,2.82842712474619,2.82842712474619,0.47140452079103223,0.47140452079103223,4.0,0.5,19.031083081171953,0.46688283671650144,0.23344141835825072,0.2040133779264215
181,6.033333333333333,0.21070234113712383,0.21070234113712383,2.8402122377659658,2.8402122377659658,0.3535533905932775,0.3535533905932775,4.016666666666667,0.5023809523809524,19.09023450030955,0.46611048840159,0.23416503107794162,0.21070234113712383
182,6.066666666666666,0.21739130434782616,0.21739130434782616,2.8519973507857412,2.8519973507857412,0.3535533905932642,0.3535533905932642,4.033333333333333,0.5047619047619047,19.149792577612832,0.4653354077519156,0.23488358677001453,0.21739130434782616
183,6.1,0.2240802675585285,0.2240802675585285,2.863782463805517,2.863782463805517,0.3535533905932775,0.3535533905932775,4.05,0.5071428571428571,19.20975353066324,0.46455768370967737,0.2355971110241935,0.2240802675585285
184,6.133333333333334,0.23076923076923084,0.23076923076923084,2.8755675768252926,2.8755675768252926,0.3535533905932642,0.3535533905932642,4.066666666666666,0.5095238095238095,19.270113598692376,0.4637774041970131,0.2363056297575257,0.23076923076923084
185,6.166666666666667,0.23745819397993317,0.23745819397993317,2.8873526898450694,2.8873526898450694,0.35355339059330415,0.35355339059330415,4.083333333333334,0.511904761904762,19.330869043026386,0.46299465610860796,0.2370091691984541,0.23745819397993317
186,6.2,0.2441471571906355,0.2441471571906355,2.8991378028648445,2.8991378028648445,0.35355339059325086,0.35355339059325086,4.1,0.5142857142857142,19.39201614750796,0.4622095253050958,0.2377077558711921,0.2441471571906355
187,6.233333333333333,0.25083612040133785,0.25083612040133785,2.910922915884621,2.910922915884621,0.35355339059329083,0.35355339059329083,4.116666666666667,0.5166666666666667,19.453551218896518,0.46142209660723377,0.23840141658040415,0.25083612040133785
188,6.266666666666667,0.2575250836120402,0.2575250836120402,2.922708028904396,2.922708028904396,0.35355339059325086,0.35355339059325086,4.133333333333333,0.519047619047619,19.515470587246867,0.46063245379082646,0.23909017839619084,0.2575250836120402
189,6.3,0.2642140468227425,0.2642140468227425,2.934493141924172,2.934493141924172,0.35355339059329083,0.35355339059329083,4.15,0.5214285714285715,19.577770606266988,0.4598406795823775,0.23977406863938258,0.2642140468227425
190,6.333333333333333,0.27090301003344486,0.27090301003344486,2.9462782549439472,2.9462782549439472,0.35355339059325086,0.35355339059325086,4.166666666666666,0.5238095238095237,19.64044765365527,0.45904685565544784,0.2404531148671393,0.27090301003344486
191,6.366666666666666,0.2775919732441472,0.2775919732441472,2.9580633679637236,2.9580633679637236,0.35355339059329083,0.35355339059329083,4.183333333333334,0.5261904761904762,19.703498131417696,0.4582510626276983,0.2411273448588603,0.2775919732441472
192,6.4,0.28428093645484953,0.28428093645484953,2.9698484809834995,2.9698484809834995,0.3535533905932775,0.3535533905932775,4.2,0.5285714285714286,19.766918466165517,0.45745338005859526,0.24179678660240037,0.28428093645484953
193,6.433333333333334,0.29096989966555187,0.29096989966555187,2.9816335940032754,2.9816335940032754,0.3535533905932775,0.3535533905932775,4.216666666666667,0.530952380952381,19.830705109393787,0.45665388644775656,0.24246146828059456,0.29096989966555187
194,6.466666666666667,0.2976588628762542,0.2976588628762542,2.993418707023051,2.993418707023051,0.3535533905932642,0.3535533905932642,4.233333333333333,0.5333333333333333,19.894854537741285,0.4558526592339186,0.24312141825808992,0.2976588628762542
195,6.5,0.30434782608695654,0.30434782608695654,3.005203820042827,3.005203820042827,0.3535533905932775,0.3535533905932775,4.25,0.5357142857142857,19.959363253232304,0.4550497747945006,0.24377666506848245,0.30434782608695654
196,6.533333333333333,0.3110367892976589,0.3110367892976589,3.0169889330626023,3.0169889330626023,0.3535533905932642,0.3535533905932642,4.266666666666667,0.5380952380952381,20.024227783500717,0.45424530844574806,0.24442723740175967,0.3110367892976589
197,6.566666666666666,0.3177257525083612,0.3177257525083612,3.028774046082378,3.028774046082378,0.3535533905932775,0.3535533905932775,4.283333333333333,0.5404761904761904,20.089444681996834,0.4534393344434323,0.24507316409204555,0.3177257525083612
198,6.6,0.32441471571906355,0.32441471571906355,3.040559159102154,3.040559159102154,0.3535533905932775,0.3535533905932775,4.3,0.5428571428571428,20.155010528177513,0.45263192598408736,0.2457144741056474,0.32441471571906355
199,6.633333333333334,0.3311036789297659,0.3311036789297659,3.0523442721219296,3.0523442721219296,0.3535533905932642,0.3535533905932642,4.316666666666666,0.5452380952380952,20.220921927679974,0.4518231552067621,0.2463511965294012,0.3311036789297659
200,6.666666666666667,0.3377926421404682,0.3377926421404682,3.064129385141706,3.064129385141706,0.35355339059329083,0.35355339059329083,4.333333333333334,0.5476190476190477,20.28717551247975,0.4510130931952701,0.2469833605593146,0.3377926421404682
201,6.7,0.34448160535117056,0.34448160535117056,3.075914498161481,3.075914498161481,0.35355339059325086,0.35355339059325086,4.35,0.5499999999999999,20.35376794103328,0.4502018099809163,0.24761099548950394,0.34448160535117056
202,6.733333333333333,0.3511705685618729,0.3511705685618729,3.087699611181258,3.087699611181258,0.35355339059330415,0.35355339059330415,4.366666666666667,0.5523809523809524,20.42069589840554,0.44938937454568006,0.24823413070142328,0.3511705685618729
203,6.766666666666667,0.35785953177257523,0.35785953177257523,3.099484724201033,3.099484724201033,0.35355339059325086,0.35355339059325086,4.383333333333333,0.5547619047619047,20.487956096383225,0.4485758548258386,0.24885279565338186,0.35785953177257523
204,6.8,0.36454849498327757,0.36454849498327757,3.111269837220809,3.111269837220809,0.35355339059329083,0.35355339059329083,4.4,0.5571428571428572,20.55554527357382,0.44776131771600963,0.24946701987034822,0.36454849498327757
205,6.833333333333333,0.3712374581939799,0.3712374581939799,3.123054950240584,3.123054950240584,0.35355339059325086,0.35355339059325086,4.416666666666666,0.5595238095238094,20.623460195491113,0.4469458290735956,0.2500768329340356,0.3712374581939799
206,6.866666666666666,0.37792642140468224,0.37792642140468224,3.1348400632603606,3.1348400632603606,0.35355339059329083,0.35355339059329083,4.433333333333334,0.5619047619047619,20.691697654627482,0.44612945372361285,0.2506822644732682,0.37792642140468224
207,6.9,0.3846153846153846,0.3846153846153846,3.1466251762801365,3.1466251762801365,0.3535533905932775,0.3535533905932775,4.45,0.5642857142857143,20.76025447051344,0.44531225546388614,0.25128334415462145,0.3846153846153846
208,6.933333333333334,0.3913043478260869,0.3913043478260869,3.158410289299912,3.158410289299912,0.3535533905932642,0.3535533905932642,4.466666666666667,0.5666666666666667,20.829127489764836,0.44449429707059296,0.251880101673336,0.3913043478260869
209,6.966666666666667,0.39799331103678925,0.39799331103678925,3.170195402319688,3.170195402319688,0.3535533905932775,0.3535533905932775,4.483333333333333,0.569047619047619,20.898313586118082,0.4436756403041405,0.25247256674449897,0.39799331103678925
210,7.0,0.4046822742474916,0.4046822742474916,3.181980515339464,3.181980515339464,0.3535533905932775,0.3535533905932775,4.5,0.5714285714285714,20.967809660453927,0.4428563459153579,0.2530607690944902,0.4046822742474916
211,7.033333333333333,0.41137123745819393,0.41137123745819393,3.1937656283592393,3.1937656283592393,0.3535533905932642,0.3535533905932642,4.516666666666667,0.5738095238095238,21.037612640810014,0.4420364736519895,0.2536447384526892,0.41137123745819393
212,7.066666666666666,0.41806020066889626,0.41806020066889626,3.205550741379015,3.205550741379015,0.3535533905932775,0.3535533905932775,4.533333333333333,0.5761904761904761,21.10771948238275,0.4412160822654713,0.2542245045434382,0.41806020066889626
213,7.1,0.4247491638795986,0.4247491638795986,3.2173358543987907,3.2173358543987907,0.3535533905932642,0.3535533905932642,4.55,0.5785714285714285,21.178127167518806,0.44039522951797794,0.2548000970782586,0.4247491638795986
214,7.133333333333334,0.43143812709030094,0.43143812709030094,3.2291209674185666,3.2291209674185666,0.3535533905932775,0.3535533905932775,4.566666666666666,0.5809523809523809,21.248832705696632,0.4395739721897226,0.255371545748315,0.43143812709030094
215,7.166666666666667,0.4381270903010033,0.4381270903010033,3.240906080438343,3.240906080438343,0.35355339059329083,0.35355339059329083,4.583333333333334,0.5833333333333334,21.319833133498356,0.4387523660864975,0.2559388802171235,0.4381270903010033
216,7.2,0.4448160535117056,0.4448160535117056,3.252691193458118,3.252691193458118,0.35355339059325086,0.35355339059325086,4.6,0.5857142857142856,21.39112551457245,0.43793046604744007,0.2565021301135006,0.4448160535117056
217,7.233333333333333,0.45150501672240795,0.45150501672240795,3.2644763064778943,3.2644763064778943,0.35355339059329083,0.35355339059329083,4.616666666666667,0.5880952380952381,21.462706939587505,0.4371083259530105,0.25706132502474666,0.45150501672240795
218,7.266666666666667,0.4581939799331103,0.4581939799331103,3.2762614194976694,3.2762614194976694,0.35355339059325086,0.35355339059325086,4.633333333333333,0.5904761904761904,21.534574526177423,0.4362859987331692,0.25761649449006174,0.4581939799331103
219,7.3,0.4648829431438126,0.4648829431438126,3.288046532517446,3.288046532517446,0.35355339059330415,0.35355339059330415,4.65,0.5928571428571429,21.606725418878458,0.4354635363757381,0.2581676679941876,0.4648829431438126
220,7.333333333333333,0.47157190635451496,0.47157190635451496,3.299831645537221,3.299831645537221,0.35355339059325086,0.35355339059325086,4.666666666666666,0.5952380952380951,21.679156789058332,0.43464098993493766,0.2587148749612724,0.47157190635451496
221,7.366666666666666,0.4782608695652173,0.4782608695652173,3.3116167585569976,3.3116167585569976,0.35355339059329083,0.35355339059329083,4.683333333333334,0.5976190476190476,21.751865834837854,0.43381840954008266,0.25925814474895414,0.4782608695652173
222,7.4,0.48494983277591963,0.48494983277591963,3.323401871576773,3.323401871576773,0.3535533905932642,0.3535533905932642,4.7,0.6,21.824849781005266,0.4329958444044288,0.25979750664265727,0.48494983277591963
223,7.433333333333334,0.49163879598662197,0.49163879598662197,3.335186984596549,3.335186984596549,0.3535533905932775,0.3535533905932775,4.716666666666667,0.6023809523809524,21.898105878923673,0.4321733428341561,0.2603329898500988,0.49163879598662197
224,7.466666666666667,0.4983277591973243,0.4983277591973243,3.346972097616325,3.346972097616325,0.3535533905932775,0.3535533905932775,4.733333333333333,0.6047619047619047,21.971631406431896,0.4313509522374804,0.26086462349600004,0.4983277591973243
225,7.5,0.5050167224080269,0.5050167224080269,3.3587572106361003,3.3587572106361003,0.3535533905932642,0.3535533905932642,4.75,0.6071428571428571,22.045423667738937,0.4305287191338791,0.261392436616998,0.5050167224080269
226,7.533333333333333,0.5117056856187292,0.5117056856187292,3.3705423236558762,3.3705423236558762,0.3535533905932775,0.3535533905932775,4.766666666666667,0.6095238095238095,22.119479993312474,0.42970668916342486,0.2619164581567542,0.5117056856187292
227,7.566666666666666,0.5183946488294315,0.5183946488294315,3.3823274366756517,3.3823274366756517,0.3535533905932642,0.3535533905932642,4.783333333333333,0.6119047619047618,22.19379773976153,0.42888490709621346,0.2624367169612544,0.5183946488294315
228,7.6,0.5250836120401339,0.5250836120401339,3.3941125496954276,3.3941125496954276,0.3535533905932775,0.3535533905932775,4.8,0.6142857142857142,22.268374289713744,0.4280634168418782,0.2629532417742966,0.5250836120401339
229,7.633333333333334,0.5317725752508362,0.5317725752508362,3.4058976627152036,3.4058976627152036,0.3535533905932775,0.3535533905932775,4.816666666666666,0.6166666666666666,22.343207051687344,0.4272422614591818,0.2634660612331621,0.5317725752508362
230,7.666666666666667,0.5384615384615385,0.5384615384615385,3.41768277573498,3.41768277573498,0.35355339059329083,0.35355339059329083,4.833333333333334,0.6190476190476192,22.418293459958207,0.4264214831656755,0.2639752038644659,0.5384615384615385
231,7.7,0.5451505016722409,0.5451505016722409,3.429467888754755,3.429467888754755,0.35355339059325086,0.35355339059325086,4.85,0.6214285714285713,22.49363097442219,0.42560112334741823,0.26448069808018126,0.5451505016722409
232,7.733333333333333,0.5518394648829432,0.5518394648829432,3.4412530017745313,3.4412530017745313,0.35355339059329083,0.35355339059329083,4.866666666666667,0.6238095238095239,22.56921708045303,0.4247812225687453,0.2649825721738364,0.5518394648829432
233,7.766666666666667,0.5585284280936456,0.5585284280936456,3.4530381147943063,3.4530381147943063,0.35355339059325086,0.35355339059325086,4.883333333333333,0.6261904761904762,22.645049288755963,0.4239618205820822,0.2654808543168753,0.5585284280936456
234,7.8,0.5652173913043479,0.5652173913043479,3.4648232278140827,3.4648232278140827,0.35355339059329083,0.35355339059329083,4.9,0.6285714285714286,22.721125135217402,0.42314295633779186,0.26597557255518345,0.5652173913043479
235,7.833333333333333,0.5719063545150502,0.5719063545150502,3.4766083408338577,3.4766083408338577,0.35355339059325086,0.35355339059325086,4.916666666666666,0.6309523809523809,22.797442180750803,0.42232466799405083,0.26646675480577015,0.5719063545150502
236,7.866666666666666,0.5785953177257526,0.5785953177257526,3.4883934538536345,3.4883934538536345,0.35355339059330415,0.35355339059330415,4.933333333333334,0.6333333333333333,22.87399801113899,0.4215069929267461,0.2669544288536059,0.5785953177257526
237,7.9,0.5852842809364549,0.5852842809364549,3.50017856687341,3.50017856687341,0.3535533905932642,0.3535533905932642,4.95,0.6357142857142857,22.95079023687315,0.42068996773938566,0.26743862234860943,0.5852842809364549
238,7.933333333333334,0.5919732441471572,0.5919732441471572,3.511963679893186,3.511963679893186,0.3535533905932775,0.3535533905932775,4.966666666666667,0.638095238095238,23.027816492988652,0.4198736282730174,0.2679193628027825,0.5919732441471572
239,7.966666666666667,0.5986622073578596,0.5986622073578596,3.5237487929129614,3.5237487929129614,0.3535533905932642,0.3535533905932642,4.983333333333333,0.6404761904761904,23.105074438897947,0.41905800961614853,0.2683966775874856,0.5986622073578596
240,8.0,0.6053511705685619,0.6053511705685619,3.5355339059327373,3.5355339059327373,0.3535533905932775,0.3535533905932775,5.0,0.6428571428571428,23.182561758220707,0.4182431461146609,0.2688705939308534,0.6053511705685619
241,8.033333333333333,0.6120401337792643,0.6120401337792643,3.5473190189525132,3.5473190189525132,0.3535533905932775,0.3535533905932775,5.016666666666667,0.6452380952380952,23.260276158611404,0.41742907138171537,0.2693411389153449,0.6120401337792643
242,8.066666666666666,0.6187290969899666,0.6187290969899666,3.5591041319722887,3.5591041319722887,0.3535533905932642,0.3535533905932642,5.033333333333333,0.6476190476190475,23.338215371584468,0.4166158183076415,0.26980833947542493,0.6187290969899666
243,8.1,0.6254180602006689,0.6254180602006689,3.5708892449920646,3.5708892449920646,0.3535533905932775,0.3535533905932775,5.05,0.6499999999999999,23.416377152337294,0.41580341906980517,0.2702722223953733,0.6254180602006689
244,8.133333333333333,0.6321070234113713,0.6321070234113713,3.58267435801184,3.58267435801184,0.3535533905932642,0.3535533905932642,5.066666666666666,0.6523809523809523,23.49475927957112,0.4149919051424506,0.27073281430721774,0.6321070234113713
245,8.166666666666666,0.6387959866220736,0.6387959866220736,3.594459471031616,3.594459471031616,0.3535533905932775,0.3535533905932775,5.083333333333333,0.6547619047619047,23.573359555310084,0.41418130730651237,0.2711901416887878,0.6387959866220736
246,8.2,0.6454849498327759,0.6454849498327759,3.606244584051392,3.606244584051392,0.3535533905932775,0.3535533905932775,5.1,0.657142857142857,23.65217580471852,0.413371655659391,0.27164423086188544,0.6454849498327759
247,8.233333333333333,0.6521739130434783,0.6521739130434783,3.6180296970711674,3.6180296970711674,0.3535533905932642,0.3535533905932642,5.116666666666666,0.6595238095238094,23.731205875916665,0.4125629796246909,0.2720951079905699,0.6521739130434783
248,8.266666666666667,0.6588628762541806,0.6588628762541806,3.6298148100909438,3.6298148100909438,0.35355339059329083,0.35355339059329083,5.133333333333334,0.661904761904762,23.81044763979498,0.41175530796191295,0.2725427990795519,0.6588628762541806
249,8.3,0.6655518394648829,0.6655518394648829,3.6415999231107197,3.6415999231107197,0.3535533905932775,0.3535533905932775,5.15,0.6642857142857144,23.889898989827095,0.4109486687761014,0.272987329972696,0.6655518394648829
250,8.333333333333334,0.6722408026755853,0.6722408026755853,3.6533850361304956,3.6533850361304956,0.3535533905932775,0.3535533905932775,5.166666666666667,0.6666666666666667,23.969557841881684,0.4101430895274392,0.2734287263516262,0.6722408026755853
251,8.366666666666667,0.6789297658862876,0.6789297658862876,3.665170149150271,3.665170149150271,0.3535533905932642,0.3535533905932642,5.183333333333334,0.6690476190476191,24.049422134033254,0.40933859704078845,0.2738670137344323,0.6789297658862876
252,8.4,0.68561872909699,0.68561872909699,3.676955262170047,3.676955262170047,0.3535533905932775,0.3535533905932775,5.2,0.6714285714285715,24.12948982637205,0.4085352175151744,0.27430221747447425,0.68561872909699
253,8.433333333333334,0.6923076923076923,0.6923076923076923,3.688740375189823,3.688740375189823,0.3535533905932775,0.3535533905932775,5.216666666666667,0.6738095238095239,24.209758900813178,0.4077329765332076,0.27473436275928037,0.6923076923076923
254,8.466666666666667,0.6989966555183946,0.6989966555183946,3.7005254882095984,3.7005254882095984,0.3535533905932642,0.3535533905932642,5.233333333333333,0.6761904761904762,24.29022736090505,0.4069318990704436,0.27516347460953805,0.6989966555183946
255,8.5,0.705685618729097,0.705685618729097,3.7123106012293743,3.7123106012293743,0.3535533905932775,0.3535533905932775,5.25,0.6785714285714286,24.370893231637297,0.4061320095046753,0.27558957787817256,0.705685618729097
256,8.533333333333333,0.7123745819397993,0.7123745819397993,3.7240957142491498,3.7240957142491498,0.3535533905932642,0.3535533905932642,5.266666666666667,0.680952380952381,24.451754559248208,0.40533333162515744,0.276012697249512,0.7123745819397993
257,8.566666666666666,0.7190635451505016,0.7190635451505016,3.7358808272689257,3.7358808272689257,0.3535533905932775,0.3535533905932775,5.283333333333333,0.6833333333333333,24.53280941103186,0.4045358886417591,0.2764328572385354,0.7190635451505016
258,8.6,0.725752508361204,0.725752508361204,3.7476659402887016,3.7476659402887016,0.3535533905932775,0.3535533905932775,5.3,0.6857142857142857,24.61405587514496,0.403739703194043,0.2768500821902009,0.725752508361204
259,8.633333333333333,0.7324414715719063,0.7324414715719063,3.759451053308477,3.759451053308477,0.3535533905932642,0.3535533905932642,5.316666666666666,0.6880952380952381,24.695492060413567,0.40294479736026995,0.2772643962788524,0.7324414715719063
260,8.666666666666666,0.7391304347826086,0.7391304347826086,3.771236166328253,3.771236166328253,0.3535533905932775,0.3535533905932775,5.333333333333333,0.6904761904761905,24.777116096139757,0.40215119266632454,0.27767582350770026,0.7391304347826086
261,8.7,0.745819397993311,0.745819397993311,3.7830212793480285,3.7830212793480285,0.3535533905932642,0.3535533905932642,5.35,0.6928571428571428,24.85892613190829,0.4013589100945627,0.27808438770837557,0.745819397993311
262,8.733333333333333,0.7525083612040133,0.7525083612040133,3.7948063923678044,3.7948063923678044,0.3535533905932775,0.3535533905932775,5.366666666666666,0.6952380952380952,24.940920337393425,0.40056797009257766,0.278490112540554,0.7525083612040133
263,8.766666666666667,0.7591973244147157,0.7591973244147157,3.8065915053875807,3.8065915053875807,0.35355339059329083,0.35355339059329083,5.383333333333334,0.6976190476190477,25.02309690216588,0.3997783925818841,0.27889302149164774,0.7591973244147157
264,8.8,0.765886287625418,0.765886287625418,3.8183766184073566,3.8183766184073566,0.3535533905932775,0.3535533905932775,5.4,0.7000000000000001,25.10545403550012,0.3989901969665174,0.2792931378765622,0.765886287625418
265,8.833333333333334,0.7725752508361203,0.7725752508361203,3.830161731427132,3.830161731427132,0.3535533905932642,0.3535533905932642,5.416666666666667,0.7023809523809524,25.18798996618193,0.39820340214154915,0.2796904848375167,0.7725752508361203
266,8.866666666666667,0.7792642140468227,0.7792642140468227,3.841946844446908,3.841946844446908,0.3535533905932775,0.3535533905932775,5.433333333333334,0.7047619047619048,25.270702942316444,0.3974180265015147,0.2800850853439247,0.7792642140468227
267,8.9,0.785953177257525,0.785953177257525,3.853731957466684,3.853731957466684,0.3535533905932775,0.3535533905932775,5.45,0.7071428571428572,25.353591231136605,0.396634087948755,0.2804769621923339,0.785953177257525
268,8.933333333333334,0.7926421404682273,0.7926421404682273,3.8655170704864594,3.8655170704864594,0.3535533905932642,0.3535533905932642,5.466666666666667,0.7095238095238096,25.436653118812227,0.39585160390166835,0.28086613800642185,0.7926421404682273
269,8.966666666666667,0.7993311036789297,0.7993311036789297,3.8773021835062353,3.8773021835062353,0.3535533905932775,0.3535533905932775,5.483333333333333,0.7119047619047619,25.519886910259604,0.39507059130287475,0.2812526352370466,0.7993311036789297
270,9.0,0.806020066889632,0.806020066889632,3.889087296526011,3.889087296526011,0.3535533905932642,0.3535533905932642,5.5,0.7142857142857143,25.603290928951807,0.39429106662728863,0.28163647616234905,0.806020066889632
271,9.033333333333333,0.8127090301003344,0.8127090301003344,3.9008724095457867,3.9008724095457867,0.3535533905932775,0.3535533905932775,5.516666666666667,0.7166666666666667,25.686863516729698,0.39351304589010183,0.2820176828879063,0.8127090301003344
272,9.066666666666666,0.8193979933110367,0.8193979933110367,3.9126575225655627,3.9126575225655627,0.3535533905932775,0.3535533905932775,5.533333333333333,0.719047619047619,25.770603033613693,0.39273654465467556,0.2823962773469334,0.8193979933110367
273,9.1,0.826086956521739,0.826086956521739,3.924442635585338,3.924442635585338,0.3535533905932642,0.3535533905932642,5.55,0.7214285714285714,25.854507857616362,0.3919615780403397,0.2827722813005308,0.826086956521739
274,9.133333333333333,0.8327759197324414,0.8327759197324414,3.936227748605114,3.936227748605114,0.3535533905932775,0.3535533905932775,5.566666666666666,0.7238095238095238,25.93857638455588,0.3911881607301011,0.2831457163379779,0.8327759197324414
275,9.166666666666666,0.8394648829431439,0.8394648829431439,3.94801286162489,3.94801286162489,0.3535533905932775,0.3535533905932775,5.583333333333333,0.7261904761904762,26.022807027870392,0.3904163069782584,0.2835166038770686,0.8394648829431439
276,9.2,0.8461538461538463,0.8461538461538463,3.9597979746446654,3.9597979746446654,0.3535533905932642,0.3535533905932642,5.6,0.7285714285714285,26.10719821843332,0.3896460306179252,0.28388496516448836,0.8461538461538463
277,9.233333333333333,0.8528428093645486,0.8528428093645486,3.9715830876644413,3.9715830876644413,0.3535533905932775,0.3535533905932775,5.616666666666666,0.7309523809523809,26.191748404369694,0.3888773450684594,0.284250821276231,0.8528428093645486
278,9.266666666666667,0.8595317725752509,0.8595317725752509,3.9833682006842177,3.9833682006842177,0.35355339059329083,0.35355339059329083,5.633333333333334,0.7333333333333334,26.27645605087344,0.38811026334279997,0.2846141931180533,0.8595317725752509
279,9.3,0.8662207357859533,0.8662207357859533,3.9951533137039936,3.9951533137039936,0.3535533905932775,0.3535533905932775,5.65,0.7357142857142858,26.361319640025826,0.3873447980547108,0.2849751014259658,0.8662207357859533
280,9.333333333333334,0.8729096989966556,0.8729096989966556,4.006938426723769,4.006938426723769,0.3535533905932642,0.3535533905932642,5.666666666666667,0.7380952380952381,26.44633767061492,0.3865809614259314,0.2853335667667589,0.8729096989966556
281,9.366666666666667,0.8795986622073579,0.8795986622073579,4.018723539743545,4.018723539743545,0.3535533905932642,0.3535533905932642,5.683333333333334,0.7404761904761905,26.53150865795625,0.3858187652932341,0.2856896095385615,0.8795986622073579
282,9.4,0.8862876254180603,0.8862876254180603,4.030508652763321,4.030508652763321,0.35355339059329083,0.35355339059329083,5.7,0.7428571428571429,26.61683113371454,0.3850582211153897,0.2860432499714323,0.8862876254180603
283,9.433333333333334,0.8929765886287626,0.8929765886287626,4.042293765783096,4.042293765783096,0.3535533905932642,0.3535533905932642,5.716666666666667,0.7452380952380953,26.702303645726726,0.3842993399800385,0.28639450812798106,0.8929765886287626
284,9.466666666666667,0.899665551839465,0.899665551839465,4.054078878802872,4.054078878802872,0.3535533905932642,0.3535533905932642,5.733333333333333,0.7476190476190476,26.7879247578261,0.3835421326104716,0.28674340390401926,0.899665551839465
285,9.5,0.9063545150501673,0.9063545150501673,4.065863991822648,4.065863991822648,0.35355339059329083,0.35355339059329083,5.75,0.75,26.873693049667764,0.3827866093723168,0.28708995702923756,0.9063545150501673
286,9.533333333333333,0.9130434782608696,0.9130434782608696,4.077649104842424,4.077649104842424,0.3535533905932642,0.3535533905932642,5.766666666666667,0.7523809523809524,26.95960711655526,0.38203278028013565,0.2874341870679116,0.9130434782608696
287,9.566666666666666,0.919732441471572,0.919732441471572,4.089434217862199,4.089434217862199,0.3535533905932642,0.3535533905932642,5.783333333333333,0.7547619047619047,27.04566556926857,0.3812806550039271,0.28777611341963066,0.919732441471572
288,9.6,0.9264214046822743,0.9264214046822743,4.1012193308819755,4.1012193308819755,0.35355339059329083,0.35355339059329083,5.8,0.7571428571428571,27.131867033893347,0.38053024287554094,0.2881157553200524,0.9264214046822743
289,9.633333333333333,0.9331103678929766,0.9331103678929766,4.113004443901751,4.113004443901751,0.3535533905932642,0.3535533905932642,5.816666666666666,0.7595238095238095,27.218210151651498,0.37978155289500015,0.2884531318416787,0.9331103678929766
290,9.666666666666666,0.939799331103679,0.939799331103679,4.1247895569215265,4.1247895569215265,0.3535533905932642,0.3535533905932642,5.833333333333333,0.7619047619047619,27.304693578733083,0.379034593736734,0.28878826189465445,0.939799331103679
291,9.7,0.9464882943143813,0.9464882943143813,4.136574669941302,4.136574669941302,0.3535533905932642,0.3535533905932642,5.85,0.7642857142857142,27.39131598612957,0.3782893737557201,0.28912116422758605,0.9464882943143813
292,9.733333333333333,0.9531772575250836,0.9531772575250836,4.148359782961078,4.148359782961078,0.35355339059329083,0.35355339059329083,5.866666666666666,0.7666666666666666,27.47807605946846,0.3775459009935391,0.2894518574283799,0.9531772575250836
293,9.766666666666667,0.959866220735786,0.959866220735786,4.160144895980855,4.160144895980855,0.35355339059329083,0.35355339059329083,5.883333333333334,0.7690476190476191,27.564972498849276,0.37680418318433934,0.2897803599250991,0.959866220735786
294,9.8,0.9665551839464883,0.9665551839464883,4.17193000900063,4.17193000900063,0.3535533905932642,0.3535533905932642,5.9,0.7714285714285715,27.652004018680945,0.3760642277607146,0.290106689986837,0.9665551839464883
295,9.833333333333334,0.9732441471571907,0.9732441471571907,4.183715122020406,4.183715122020406,0.3535533905932642,0.3535533905932642,5.916666666666667,0.7738095238095238,27.73916934752056,0.37532604185949414,0.2904308657246086,0.9732441471571907
296,9.866666666666667,0.979933110367893,0.979933110367893,4.195500235040182,4.195500235040182,0.35355339059329083,0.35355339059329083,5.933333333333334,0.7761904761904762,27.826467227913565,0.3745896323274467,0.29075290509225626,0.979933110367893
297,9.9,0.9866220735785953,0.9866220735785953,4.2072853480599575,4.2072853480599575,0.3535533905932642,0.3535533905932642,5.95,0.7785714285714286,27.91389641623538,0.37385500572689767,0.2910728258873703,0.9866220735785953
298,9.933333333333334,0.9933110367892977,0.9933110367892977,4.219070461079733,4.219070461079733,0.3535533905932642,0.3535533905932642,5.966666666666667,0.780952380952381,28.00145568253436,0.3731221683412619,0.29139064575222356,0.9933110367892977
299,9.966666666666667,1.0,1.0,4.230855574099509,4.230855574099509,0.35355339059329083,0.35355339059329083,5.983333333333333,0.7833333333333333,28.089143810376278,0.37239112618049164,0.29170638217471845,1.0
